{"mean":{"confidence_interval":{"confidence_level":0.95,"lower_bound":186441.79277027742,"upper_bound":187501.18184985683},"point_estimate":186912.1537708299,"standard_error":272.46565819666836},"median":{"confidence_interval":{"confidence_level":0.95,"lower_bound":186369.95454545456,"upper_bound":186685.8911300505},"point_estimate":186515.77492025518,"standard_error":85.46156261640415},"median_abs_dev":{"confidence_interval":{"confidence_level":0.95,"lower_bound":529.1991697937993,"upper_bound":1025.1836932240274},"point_estimate":825.9642484940958,"standard_error":123.49082315757795},"slope":{"confidence_interval":{"confidence_level":0.95,"lower_bound":186492.8416458783,"upper_bound":187210.85753503398},"point_estimate":186774.26827975333,"standard_error":188.5255380564238},"std_dev":{"confidence_interval":{"confidence_level":0.95,"lower_bound":1211.729475967242,"upper_bound":4015.075915176126},"point_estimate":2745.762705583791,"standard_error":725.2811178891556}}