{"mean":{"confidence_interval":{"confidence_level":0.95,"lower_bound":-0.037985867064908946,"upper_bound":0.1428806810436084},"point_estimate":0.03266310654640936,"standard_error":0.04924585594536568},"median":{"confidence_interval":{"confidence_level":0.95,"lower_bound":-0.044034602249327315,"upper_bound":-0.01314958208486261},"point_estimate":-0.027270583825018346,"standard_error":0.007995105331765779}}