{"mean":{"confidence_interval":{"confidence_level":0.95,"lower_bound":-0.20930222207002483,"upper_bound":-0.055750768393652436},"point_estimate":-0.13080255645886651,"standard_error":0.03949577189261864},"median":{"confidence_interval":{"confidence_level":0.95,"lower_bound":-0.0253904699806049,"upper_bound":-0.015386829510836364},"point_estimate":-0.020343203830183176,"standard_error":0.003096720266376694}}