{"mean":{"confidence_interval":{"confidence_level":0.95,"lower_bound":7789312.000211541,"upper_bound":7882159.032403846},"point_estimate":7832167.876153843,"standard_error":23750.201404795072},"median":{"confidence_interval":{"confidence_level":0.95,"lower_bound":7746176.307692308,"upper_bound":7763730.769230769},"point_estimate":7754464.769230769,"standard_error":5005.4462312245305},"median_abs_dev":{"confidence_interval":{"confidence_level":0.95,"lower_bound":24429.71213551615,"upper_bound":49793.00606984348},"point_estimate":32144.421098552688,"standard_error":6598.750855238579},"slope":null,"std_dev":{"confidence_interval":{"confidence_level":0.95,"lower_bound":155034.0362943015,"upper_bound":306258.6398632459},"point_estimate":238897.71786455624,"standard_error":38708.03414974955}}