{"mean":{"confidence_interval":{"confidence_level":0.95,"lower_bound":5799670.163779412,"upper_bound":5861116.47820588},"point_estimate":5827019.434117646,"standard_error":15763.122904155261},"median":{"confidence_interval":{"confidence_level":0.95,"lower_bound":5775742.647058823,"upper_bound":5809843.117647059},"point_estimate":5786693.617647059,"standard_error":8740.927364110956},"median_abs_dev":{"confidence_interval":{"confidence_level":0.95,"lower_bound":49879.67779092933,"upper_bound":78744.9399490566},"point_estimate":67016.78925139108,"standard_error":7342.682805296414},"slope":null,"std_dev":{"confidence_interval":{"confidence_level":0.95,"lower_bound":81639.46229465789,"upper_bound":231006.7603563168},"point_estimate":158163.85738308835,"standard_error":40025.88969092494}}