{"mean":{"confidence_interval":{"confidence_level":0.95,"lower_bound":4111.778561703562,"upper_bound":4148.61763473375},"point_estimate":4128.238037612816,"standard_error":9.447371726643736},"median":{"confidence_interval":{"confidence_level":0.95,"lower_bound":4105.7081358429805,"upper_bound":4111.423255139758},"point_estimate":4108.557200346368,"standard_error":1.4582240173839487},"median_abs_dev":{"confidence_interval":{"confidence_level":0.95,"lower_bound":8.409717393374956,"upper_bound":18.892656375918044},"point_estimate":11.517166465319798,"standard_error":2.763908376250337},"slope":{"confidence_interval":{"confidence_level":0.95,"lower_bound":4104.771949621673,"upper_bound":4122.353466056551},"point_estimate":4112.2308397114,"standard_error":4.526883199943834},"std_dev":{"confidence_interval":{"confidence_level":0.95,"lower_bound":39.23187397432128,"upper_bound":135.80597958636656},"point_estimate":94.81475833972623,"standard_error":24.22774577365073}}