{"mean":{"confidence_interval":{"confidence_level":0.95,"lower_bound":-0.40462234171316047,"upper_bound":-0.3498807687693235},"point_estimate":-0.37790380565613313,"standard_error":0.013917141192307926},"median":{"confidence_interval":{"confidence_level":0.95,"lower_bound":-0.3977559569707937,"upper_bound":-0.32272212413666246},"point_estimate":-0.35526542281182005,"standard_error":0.017894893055745948}}