{"mean":{"confidence_interval":{"confidence_level":0.95,"lower_bound":-0.4389230203229007,"upper_bound":-0.3866321923329306},"point_estimate":-0.4136136838741693,"standard_error":0.013325880852994715},"median":{"confidence_interval":{"confidence_level":0.95,"lower_bound":-0.4508976745395633,"upper_bound":-0.3981975302476294},"point_estimate":-0.4237671656091312,"standard_error":0.012993813584156851}}