{"mean":{"confidence_interval":{"confidence_level":0.95,"lower_bound":709200.3498339377,"upper_bound":728002.556236049},"point_estimate":715779.8871127852,"standard_error":5670.552547898054},"median":{"confidence_interval":{"confidence_level":0.95,"lower_bound":708918.0768229167,"upper_bound":711524.77265625},"point_estimate":709423.9497070312,"standard_error":1466.0883130464692},"median_abs_dev":{"confidence_interval":{"confidence_level":0.95,"lower_bound":162.38485086702931,"upper_bound":3306.8799759006},"point_estimate":1109.9403623258695,"standard_error":1733.2680829157423},"slope":{"confidence_interval":{"confidence_level":0.95,"lower_bound":708971.7351469862,"upper_bound":744998.0447080293},"point_estimate":722500.8745941558,"standard_error":10800.138155123781},"std_dev":{"confidence_interval":{"confidence_level":0.95,"lower_bound":752.304920889204,"upper_bound":29098.95556911576},"point_estimate":18958.247772008704,"standard_error":10293.229017515818}}