{"mean":{"confidence_interval":{"confidence_level":0.95,"lower_bound":19134390.983124994,"upper_bound":19156638.27658332},"point_estimate":19145246.60333333,"standard_error":5658.495395492739},"median":{"confidence_interval":{"confidence_level":0.95,"lower_bound":19135791.666666664,"upper_bound":19151125.0},"point_estimate":19141934.0,"standard_error":3682.381869070465},"median_abs_dev":{"confidence_interval":{"confidence_level":0.95,"lower_bound":31978.940132260323,"upper_bound":50202.317708725175},"point_estimate":41064.930520950824,"standard_error":4585.0555437837875},"slope":null,"std_dev":{"confidence_interval":{"confidence_level":0.95,"lower_bound":39799.47708968369,"upper_bound":74466.67102651454},"point_estimate":56900.35301236697,"standard_error":8996.907084096336}}