{"mean":{"confidence_interval":{"confidence_level":0.95,"lower_bound":-0.023483775050302257,"upper_bound":-0.00031515368985870226},"point_estimate":-0.012550768112797761,"standard_error":0.005945177137375725},"median":{"confidence_interval":{"confidence_level":0.95,"lower_bound":-0.013386515618272088,"upper_bound":0.0011108983219840773},"point_estimate":-0.006853370725918739,"standard_error":0.003485607858017731}}