{"mean":{"confidence_interval":{"confidence_level":0.95,"lower_bound":4786770.187166667,"upper_bound":4791914.788726192},"point_estimate":4789322.939047621,"standard_error":1315.6059340780155},"median":{"confidence_interval":{"confidence_level":0.95,"lower_bound":4786842.261904761,"upper_bound":4791680.571428572},"point_estimate":4789019.857142857,"standard_error":1212.0735572823621},"median_abs_dev":{"confidence_interval":{"confidence_level":0.95,"lower_bound":6930.590076957956,"upper_bound":11765.172091126442},"point_estimate":8892.634642123485,"standard_error":1235.7472372311183},"slope":null,"std_dev":{"confidence_interval":{"confidence_level":0.95,"lower_bound":10296.737600673518,"upper_bound":15974.058982073999},"point_estimate":13223.759220073993,"standard_error":1451.2823368239056}}