{"mean":{"confidence_interval":{"confidence_level":0.95,"lower_bound":-0.1175075074785482,"upper_bound":-0.047837707440179504},"point_estimate":-0.0809946949683219,"standard_error":0.01790890470346507},"median":{"confidence_interval":{"confidence_level":0.95,"lower_bound":-0.06698386326772177,"upper_bound":-0.04492210426366239},"point_estimate":-0.056919588792599396,"standard_error":0.005621628779081515}}