{"mean":{"confidence_interval":{"confidence_level":0.95,"lower_bound":0.07014059788975424,"upper_bound":0.16664600879907243},"point_estimate":0.11754454691266591,"standard_error":0.02499846540081428},"median":{"confidence_interval":{"confidence_level":0.95,"lower_bound":0.011455946550074536,"upper_bound":0.08579500353586451},"point_estimate":0.03697155945899633,"standard_error":0.019265720928669388}}