{"mean":{"confidence_interval":{"confidence_level":0.95,"lower_bound":5874739.472397056,"upper_bound":6143994.32563235},"point_estimate":5992766.887647057,"standard_error":69356.33778794987},"median":{"confidence_interval":{"confidence_level":0.95,"lower_bound":5792909.323529412,"upper_bound":5829077.205882354},"point_estimate":5807754.882352941,"standard_error":8710.22166235538},"median_abs_dev":{"confidence_interval":{"confidence_level":0.95,"lower_bound":52843.04629126028,"upper_bound":123569.99837090028},"point_estimate":72611.0314050133,"standard_error":19344.670092186087},"slope":null,"std_dev":{"confidence_interval":{"confidence_level":0.95,"lower_bound":232105.045038666,"upper_bound":1024360.6174562464},"point_estimate":697609.4149956024,"standard_error":198994.01350156602}}