{"mean":{"confidence_interval":{"confidence_level":0.95,"lower_bound":-0.022744564227055623,"upper_bound":-0.008684786575859403},"point_estimate":-0.015287842300773513,"standard_error":0.0036020394010964456},"median":{"confidence_interval":{"confidence_level":0.95,"lower_bound":-0.014726129499151752,"upper_bound":-0.002015655416999773},"point_estimate":-0.01102000359502786,"standard_error":0.00406316305528535}}