{"mean":{"confidence_interval":{"confidence_level":0.95,"lower_bound":-0.13813412765461955,"upper_bound":0.007326532900536178},"point_estimate":-0.06144899389549152,"standard_error":0.037401808751118364},"median":{"confidence_interval":{"confidence_level":0.95,"lower_bound":-0.020295083899919852,"upper_bound":0.005826492205729671},"point_estimate":-0.008960850259538633,"standard_error":0.006313263407664882}}