{"mean":{"confidence_interval":{"confidence_level":0.95,"lower_bound":-0.01622827639599014,"upper_bound":0.02744766317738349},"point_estimate":-0.000410627261883012,"standard_error":0.01209902461787646},"median":{"confidence_interval":{"confidence_level":0.95,"lower_bound":-0.005939174833878069,"upper_bound":-0.0014829564950756824},"point_estimate":-0.003806036668380308,"standard_error":0.0011203087033911513}}