{"mean":{"confidence_interval":{"confidence_level":0.95,"lower_bound":5191537.470533335,"upper_bound":5277591.733849998},"point_estimate":5229357.751333334,"standard_error":22260.5408165987},"median":{"confidence_interval":{"confidence_level":0.95,"lower_bound":5165668.033333333,"upper_bound":5186352.8},"point_estimate":5172500.033333333,"standard_error":5683.903618258134},"median_abs_dev":{"confidence_interval":{"confidence_level":0.95,"lower_bound":26085.249412893285,"upper_bound":49467.392901777945},"point_estimate":35609.18500781022,"standard_error":6164.371217282245},"slope":null,"std_dev":{"confidence_interval":{"confidence_level":0.95,"lower_bound":86759.4117827854,"upper_bound":318100.3959762975},"point_estimate":223181.19012818186,"standard_error":57761.14829160378}}