{"mean":{"confidence_interval":{"confidence_level":0.95,"lower_bound":331040.5770206946,"upper_bound":351040.24417320703},"point_estimate":339023.3985642189,"standard_error":5265.719160882515},"median":{"confidence_interval":{"confidence_level":0.95,"lower_bound":327543.2365591398,"upper_bound":329073.5257731959},"point_estimate":327947.818287037,"standard_error":409.4970963048427},"median_abs_dev":{"confidence_interval":{"confidence_level":0.95,"lower_bound":1643.0185580100185,"upper_bound":3356.7622790653086},"point_estimate":2582.9110583234155,"standard_error":418.51086517890906},"slope":{"confidence_interval":{"confidence_level":0.95,"lower_bound":328525.4443829584,"upper_bound":330656.6140756954},"point_estimate":329487.8007457761,"standard_error":542.6299044268786},"std_dev":{"confidence_interval":{"confidence_level":0.95,"lower_bound":13352.440427089005,"upper_bound":86550.07649916102},"point_estimate":53105.19837766577,"standard_error":22352.819984763086}}