{"mean":{"confidence_interval":{"confidence_level":0.95,"lower_bound":2724250.16334554,"upper_bound":2746924.0929408967},"point_estimate":2734435.66839522,"standard_error":5812.20989686046},"median":{"confidence_interval":{"confidence_level":0.95,"lower_bound":2720780.494845361,"upper_bound":2724192.7083333335},"point_estimate":2722238.6791716684,"standard_error":850.4806040478926},"median_abs_dev":{"confidence_interval":{"confidence_level":0.95,"lower_bound":5538.8128487249605,"upper_bound":11173.164626636923},"point_estimate":7940.526967598073,"standard_error":1465.5087358161366},"slope":{"confidence_interval":{"confidence_level":0.95,"lower_bound":2725220.2392743304,"upper_bound":2761423.3614229285},"point_estimate":2741038.1223525936,"standard_error":9309.978486398511},"std_dev":{"confidence_interval":{"confidence_level":0.95,"lower_bound":28199.2192081059,"upper_bound":81941.99771838571},"point_estimate":58416.09124708318,"standard_error":13679.047586564056}}