{"mean":{"confidence_interval":{"confidence_level":0.95,"lower_bound":10907909.569975004,"upper_bound":11034246.58805},"point_estimate":10965883.412000002,"standard_error":32316.93162377892},"median":{"confidence_interval":{"confidence_level":0.95,"lower_bound":10871654.2,"upper_bound":10887579.2},"point_estimate":10879510.399999999,"standard_error":3810.579994404216},"median_abs_dev":{"confidence_interval":{"confidence_level":0.95,"lower_bound":21729.207604229698,"upper_bound":48301.92106246838},"point_estimate":34729.97851341935,"standard_error":6912.493169360031},"slope":null,"std_dev":{"confidence_interval":{"confidence_level":0.95,"lower_bound":197397.81255452897,"upper_bound":425692.24719788274},"point_estimate":325093.19462246704,"standard_error":58156.022590153334}}