{"mean":{"confidence_interval":{"confidence_level":0.95,"lower_bound":-0.004490444188846673,"upper_bound":0.022338411792864346},"point_estimate":0.00845456715280024,"standard_error":0.006902967196381927},"median":{"confidence_interval":{"confidence_level":0.95,"lower_bound":-0.0031875320095501314,"upper_bound":0.0014626239265926877},"point_estimate":-0.000679684703065786,"standard_error":0.0012346993687863859}}