{"mean":{"confidence_interval":{"confidence_level":0.95,"lower_bound":11868139.619861111,"upper_bound":11884842.470666671},"point_estimate":11875948.746666664,"standard_error":4264.153537421626},"median":{"confidence_interval":{"confidence_level":0.95,"lower_bound":11866791.666666666,"upper_bound":11882560.111111112},"point_estimate":11875000.055555556,"standard_error":4168.530351258694},"median_abs_dev":{"confidence_interval":{"confidence_level":0.95,"lower_bound":21562.934017181396,"upper_bound":34968.19114585411},"point_estimate":29075.35045047524,"standard_error":3468.5344399546225},"slope":null,"std_dev":{"confidence_interval":{"confidence_level":0.95,"lower_bound":26909.16753996663,"upper_bound":60891.585450130384},"point_estimate":42832.844172765785,"standard_error":9706.141629299982}}