{"mean":{"confidence_interval":{"confidence_level":0.95,"lower_bound":0.018348777534052965,"upper_bound":0.09378912942466909},"point_estimate":0.05356729812194905,"standard_error":0.019773843352395997},"median":{"confidence_interval":{"confidence_level":0.95,"lower_bound":0.00013037126656789688,"upper_bound":0.02802836674324727},"point_estimate":0.014708898886297561,"standard_error":0.007094172103416788}}