{"mean":{"confidence_interval":{"confidence_level":0.95,"lower_bound":-0.006903629455048263,"upper_bound":0.0019156928330084282},"point_estimate":-0.0016065939215741398,"standard_error":0.002338287252668713},"median":{"confidence_interval":{"confidence_level":0.95,"lower_bound":0.00047036212738138516,"upper_bound":0.0031561520732701783},"point_estimate":0.0016892952294806918,"standard_error":0.0007005118292497152}}