{"mean":{"confidence_interval":{"confidence_level":0.95,"lower_bound":1113263.019407609,"upper_bound":1116802.1280815222},"point_estimate":1114942.4741304347,"standard_error":906.9148723379012},"median":{"confidence_interval":{"confidence_level":0.95,"lower_bound":1111572.4347826086,"upper_bound":1113657.608695652},"point_estimate":1112711.9565217393,"standard_error":578.3788057799424},"median_abs_dev":{"confidence_interval":{"confidence_level":0.95,"lower_bound":5323.371896795679,"upper_bound":7347.217552169487},"point_estimate":6092.873513568988,"standard_error":531.4891635101473},"slope":null,"std_dev":{"confidence_interval":{"confidence_level":0.95,"lower_bound":9279.61133244041,"upper_bound":16451.61000994},"point_estimate":12824.839723617604,"standard_error":1862.8686292389343}}