{"mean":{"confidence_interval":{"confidence_level":0.95,"lower_bound":-0.026953322890823094,"upper_bound":-0.005157311309909527},"point_estimate":-0.015311745938469734,"standard_error":0.005571826905157569},"median":{"confidence_interval":{"confidence_level":0.95,"lower_bound":-0.007446272392366726,"upper_bound":-0.0039270481329980456},"point_estimate":-0.005036824848328458,"standard_error":0.0009030544929003364}}