{"mean":{"confidence_interval":{"confidence_level":0.95,"lower_bound":-0.040948674778887945,"upper_bound":-0.02051183706642616},"point_estimate":-0.02923180591277763,"standard_error":0.0052935424886618905},"median":{"confidence_interval":{"confidence_level":0.95,"lower_bound":-0.024236393939153587,"upper_bound":-0.01323236336162581},"point_estimate":-0.019389559781231913,"standard_error":0.002878348993652287}}