{"mean":{"confidence_interval":{"confidence_level":0.95,"lower_bound":18947.861626366444,"upper_bound":18981.92647775327},"point_estimate":18962.542177317293,"standard_error":8.71521533488966},"median":{"confidence_interval":{"confidence_level":0.95,"lower_bound":18951.662688366487,"upper_bound":18963.708793375936},"point_estimate":18957.533208877103,"standard_error":3.1424481298347775},"median_abs_dev":{"confidence_interval":{"confidence_level":0.95,"lower_bound":27.43057373675692,"upper_bound":47.54856872197793},"point_estimate":38.82042863250487,"standard_error":4.989423290533235},"slope":{"confidence_interval":{"confidence_level":0.95,"lower_bound":18948.473775687933,"upper_bound":18967.17522837639},"point_estimate":18957.94313833942,"standard_error":4.764012661661962},"std_dev":{"confidence_interval":{"confidence_level":0.95,"lower_bound":40.39950029840344,"upper_bound":136.21884364849865},"point_estimate":87.43863034399294,"standard_error":29.589848234182924}}