{"mean":{"confidence_interval":{"confidence_level":0.95,"lower_bound":-0.02685208969459438,"upper_bound":-0.011397347769965633},"point_estimate":-0.018628349306813008,"standard_error":0.003962245312039635},"median":{"confidence_interval":{"confidence_level":0.95,"lower_bound":-0.010745254071015453,"upper_bound":-0.004740813095746588},"point_estimate":-0.007477857011572997,"standard_error":0.0015018978499086223}}